Transaction Number,Confirmation Time (s)
1,79.9134361743927
2,84.01532006263733
3,84.03579616546631
4,84.03345370292664
5,83.92567348480225
6,84.03295612335205
7,83.93159890174866
8,84.02682280540466
9,83.92262291908264
10,84.0200047492981
11,83.92777013778687
12,84.01869773864746
13,84.0140962600708
14,84.0233051776886
15,84.02975559234619
16,83.93032741546631
17,83.927973985672
18,84.14684867858887
19,83.96092438697815
20,83.94354200363159
