Transaction Number,Confirmation Time (s)
1,81.13571691513062
2,84.00236630439758
3,83.98374891281128
4,83.98188066482544
5,83.98008823394775
6,84.07215428352356
7,83.99251961708069
8,83.98389458656311
9,83.98683094978333
10,83.96667551994324
11,83.99248266220093
12,83.95738196372986
13,84.0698835849762
14,83.97129130363464
15,83.98469424247742
16,83.96734571456909
17,84.06191515922546
18,83.95999217033386
19,83.9678692817688
20,84.06175994873047
