Transaction Number,Confirmation Time (s)
1,80.0867428779602
2,84.0885021686554
3,83.99830055236816
4,83.9900050163269
5,83.89298367500305
6,84.09247922897339
7,83.98236560821533
8,83.97859239578247
9,83.99701428413391
10,83.98083448410034
11,83.97578549385071
12,84.1023211479187
13,83.8776490688324
14,83.99103546142578
15,83.99493193626404
16,83.97527837753296
17,83.98929619789124
18,83.973797082901
19,83.99434185028076
20,84.09312725067139
