Fee Rate,Throughput
0.001,899.5459702446442
0.005,1522.9253733511007
0.01,1704.8283711004979
0.1,1631.2886012539088
