Fee Rate,Throughput
0.001,1131.1926556018836
0.005,1491.1119248312223
0.01,1179.6896577910406
0.1,1398.791403759188
