Fee Rate,Throughput
0.001,1511.0307335929592
0.005,1018.173343949663
0.01,2394.9249998572514
0.1,564.7753315828452
